INSERT INTO users (user_id, username, password_hash, full_name, avatar_url, bio, role, date_of_birth, status)
VALUES
    ('11111111-1111-1111-1111-111111111111', 'alice123', 'hashed_password_1', 'Alice Johnson', 'https://example.com/avatars/alice.jpg', 'Loves reading and coding.', 'USER', '1995-03-12', 'ACTIVE'),
    ('22222222-2222-2222-2222-222222222222', 'bob_the_staff', 'hashed_password_2', 'Bob Smith', 'https://example.com/avatars/bob.jpg', 'Moderator of tech topics.', 'STAFF', '1990-07-25', 'ACTIVE'),
    ('33333333-3333-3333-3333-333333333333', 'charlie_admin', 'hashed_password_3', 'Charlie Nguyen', 'https://example.com/avatars/charlie.jpg', 'Site administrator and backend dev.', 'ADMIN', '1988-11-05', 'ACTIVE'),
    ('44444444-4444-4444-4444-444444444444', 'david99', 'hashed_password_4', 'David Lee', NULL, 'Casual user who enjoys music.', 'USER', '2000-01-30', 'PENDING'),
    ('55555555-5555-5555-5555-555555555555', 'emily_w', 'hashed_password_5', 'Emily White', 'https://example.com/avatars/emily.jpg', NULL, 'USER', '1998-09-14', 'INACTIVE'),
    ('633d1f00-4675-4337-b2cb-70deed2f3d13', 'vothanhlong235@gmail.com', '123123', 'adsdsa dsadas', NULL, NULL, 'USER', '1989-12-31', 'ACTIVE');

INSERT INTO groups (group_id, name, description, avatar_url, created_by) VALUES
    ('aaaaaaa1-aaaa-aaaa-aaaa-aaaaaaaaaaa1', 'Tech Enthusiasts', 'Group for sharing tech news and projects', 'https://example.com/avatars/tech.png', '11111111-1111-1111-1111-111111111111'),
    ('aaaaaaa2-aaaa-aaaa-aaaa-aaaaaaaaaaa2', 'Book Lovers', 'Discuss and share your favorite books', 'https://example.com/avatars/book.png', '22222222-2222-2222-2222-222222222222');

-- Tech Enthusiasts group
INSERT INTO group_members (group_id, user_id, role) VALUES
    ('aaaaaaa1-aaaa-aaaa-aaaa-aaaaaaaaaaa1', '11111111-1111-1111-1111-111111111111', 'ADMIN'),
    ('aaaaaaa1-aaaa-aaaa-aaaa-aaaaaaaaaaa1', '22222222-2222-2222-2222-222222222222', 'MEMBER'),
    ('aaaaaaa1-aaaa-aaaa-aaaa-aaaaaaaaaaa1', '33333333-3333-3333-3333-333333333333', 'MEMBER');

-- Book Lovers group
INSERT INTO group_members (group_id, user_id, role) VALUES
    ('aaaaaaa2-aaaa-aaaa-aaaa-aaaaaaaaaaa2', '22222222-2222-2222-2222-222222222222', 'ADMIN'),
    ('aaaaaaa2-aaaa-aaaa-aaaa-aaaaaaaaaaa2', '44444444-4444-4444-4444-444444444444', 'MEMBER');

-- Tech Enthusiasts chat
INSERT INTO group_chats (chat_id, group_id, sender_id, message, type, image_url) VALUES
    ('ccccccc1-cccc-cccc-cccc-ccccccccccc1', 'aaaaaaa1-aaaa-aaaa-aaaa-aaaaaaaaaaa1', '11111111-1111-1111-1111-111111111111', 'Welcome to the Tech Enthusiasts group!', 'TEXT', NULL),
    ('ccccccc2-cccc-cccc-cccc-ccccccccccc2', 'aaaaaaa1-aaaa-aaaa-aaaa-aaaaaaaaaaa1', '22222222-2222-2222-2222-222222222222', 'Excited to be here 🚀', 'TEXT', NULL),
    ('ccccccc3-cccc-cccc-cccc-ccccccccccc3', 'aaaaaaa1-aaaa-aaaa-aaaa-aaaaaaaaaaa1', '33333333-3333-3333-3333-333333333333', 'Check out this cool diagram', 'IMAGE', 'https://example.com/images/diagram.png');

-- Book Lovers chat
INSERT INTO group_chats (chat_id, group_id, sender_id, message, type, image_url) VALUES
    ('ccccccc4-cccc-cccc-cccc-ccccccccccc4', 'aaaaaaa2-aaaa-aaaa-aaaa-aaaaaaaaaaa2', '22222222-2222-2222-2222-222222222222', 'Welcome to Book Lovers 📚', 'TEXT', NULL),
    ('ccccccc5-cccc-cccc-cccc-ccccccccccc5', 'aaaaaaa2-aaaa-aaaa-aaaa-aaaaaaaaaaa2', '44444444-4444-4444-4444-444444444444', 'Currently reading "Atomic Habits". Anyone else?', 'TEXT', NULL),
    ('ccccccc6-cccc-cccc-cccc-ccccccccccc6', 'aaaaaaa2-aaaa-aaaa-aaaa-aaaaaaaaaaa2', '11111111-1111-1111-1111-111111111111', 'Found a great book cover design!', 'IMAGE', 'https://example.com/images/book_cover.jpg');